{"cameraMode":{"drawMode":0,"name":"Shaded","section":"Shading Mode"},"sceneLighting":true,"audioPlay":false,"sceneViewState":{"showFog":true,"showMaterialUpdate":true,"showSkybox":true,"showFlares":true,"showImageEffects":true,"showParticleSystems":true},"in2DMode":false,"pivot":{"x":0.3544849753379822,"y":0.7258338928222656,"z":-2.750990629196167},"rotation":{"x":0.05969049409031868,"y":0.7644640803337097,"z":-0.6379084587097168,"w":0.0715273767709732},"size":13.98794937133789,"orthographic":false}